<?xml version="1.0" encoding="utf-8"?>
<ModMetaData>
  <name>Connected Bed</name>
  <author>zed_0xff</author>
  <packageId>zed.0xff.VNPE.ConnectedBed</packageId>
  <url>https://github.com/zed-0xff/RW-ConnectedBed</url>
  <supportedVersions>
    <li>1.4</li>
  </supportedVersions>
  <description>Adds new hospital bed with 4 cool features:

1. integrated nutrient paste dripper
2. automatic blood draining from prisoners
3. automatic blood transfusion for everyone
4. Optional connection to DBH for water and bladder needs

 - fully mimics vanilla Hospital Bed
 - requires research of Hospital Beds and Nutrient Paste (both vanilla)
 - stuffable
 - costs 110 metallic + 6 components
 - requires construction skill 10 to build
 - consumes 25 power (VNPE external dripper needs 50)
 - runs less code than original VNPE dripper
 - safe to add/remove mid-game
 - configurable thresholds in mod's config

Sorry, no custom textures here (I've got trotter hands), just slightly greenish handles, like most VNPE things.

[url=https://ko-fi.com/K3K81Z3W5][img]https://i.imgur.com/Utx6OIH.png[/img][/url]
</description>
  <modDependencies>
    <li>
      <packageId>OskarPotocki.VanillaFactionsExpanded.Core</packageId>
      <displayName>Vanilla Expanded Framework</displayName>
      <steamWorkshopUrl>https://steamcommunity.com/workshop/filedetails/?id=2023507013</steamWorkshopUrl>
      <downloadUrl>https://github.com/Vanilla-Expanded/VanillaExpandedFramework</downloadUrl>
    </li>
  </modDependencies>
  <loadAfter>
    <li>Ludeon.RimWorld</li>
    <li>brrainz.harmony</li>
    <li>OskarPotocki.VanillaFactionsExpanded.Core</li>
    <li>VanillaExpanded.VNutrientE</li>
    <li>VanillaExpanded.VFEMedical</li>
    <li>vanillaracesexpanded.sanguophage</li>
  </loadAfter>
</ModMetaData>
